,year_id,state,fuel_id,energy_production_gwh
0,0,VIC,0,0.0
1,0,NSW,0,67650.3
2,0,QLD,0,50882.2
3,0,WA,0,8738.0
4,0,SA,0,0.0
5,0,TAS,0,0.0
6,0,NT,0,0.0
7,0,VIC,1,52094.0
8,0,NSW,1,0.0
9,0,QLD,1,0.0
10,0,WA,1,0.0
11,0,SA,1,4887.4
12,0,TAS,1,0.0
13,0,NT,1,0.0
14,0,VIC,2,1451.9
15,0,NSW,2,2445.1
16,0,QLD,2,9257.2
17,0,WA,2,14556.1
18,0,SA,2,7371.4
19,0,TAS,2,705.3
20,0,NT,2,1873.4
21,0,VIC,3,20.4
22,0,NSW,3,24.7
23,0,QLD,3,711.4
24,0,WA,3,1464.4
25,0,SA,3,63.2
26,0,TAS,3,64.5
27,0,NT,3,1039.3
28,0,VIC,4,61.1
29,0,NSW,4,336.6
30,0,QLD,4,691.8
31,0,WA,4,2153.0
32,0,SA,4,337.4
33,0,TAS,4,0.0
34,0,NT,4,0.0
35,0,VIC,5,0.0
36,0,NSW,5,291.3
37,0,QLD,5,1472.1
38,0,WA,5,0.0
39,0,SA,5,0.0
40,0,TAS,5,0.0
41,0,NT,5,0.0
42,0,VIC,6,292.0
43,0,NSW,6,383.4
44,0,QLD,6,116.4
45,0,WA,6,119.6
46,0,SA,6,86.1
47,0,TAS,6,25.1
48,0,NT,6,9.2
49,0,VIC,7,573.0
50,0,NSW,7,41.3
51,0,QLD,7,27.3
52,0,WA,7,675.1
53,0,SA,7,2020.2
54,0,TAS,7,486.9
55,0,NT,7,0.0
56,0,VIC,8,2234.5
57,0,NSW,8,1497.0
58,0,QLD,8,820.2
59,0,WA,8,0.0
60,0,SA,8,4.1
61,0,TAS,8,7313.6
62,0,NT,8,0.0
63,0,VIC,9,0.0
64,0,NSW,9,0.0
65,0,QLD,9,0.0
66,0,WA,9,0.0
67,0,SA,9,0.0
68,0,TAS,9,0.0
69,0,NT,9,0.0
70,0,VIC,10,24.1
71,0,NSW,10,36.3
72,0,QLD,10,50.8
73,0,WA,10,18.7
74,0,SA,10,23.4
75,0,TAS,10,1.8
76,0,NT,10,0.5
77,0,VIC,11,0.0
78,0,NSW,11,0.0
79,0,QLD,11,0.5
80,0,WA,11,0.0
81,0,SA,11,0.0
82,0,TAS,11,0.0
83,0,NT,11,0.0
84,1,VIC,0,0.0
85,1,NSW,0,64398.6
86,1,QLD,0,49713.7
87,1,WA,0,9612.2
88,1,SA,0,0.0
89,1,TAS,0,0.0
90,1,NT,0,0.0
91,1,VIC,1,51541.7
92,1,NSW,1,0.0
93,1,QLD,1,0.0
94,1,WA,1,0.0
95,1,SA,1,4526.6
96,1,TAS,1,0.0
97,1,NT,1,0.0
98,1,VIC,2,1697.9
99,1,NSW,2,4681.3
100,1,QLD,2,12020.6
101,1,WA,2,16006.3
102,1,SA,2,6937.0
103,1,TAS,2,1109.8
104,1,NT,2,2132.5
105,1,VIC,3,1.1
106,1,NSW,3,5.6
107,1,QLD,3,370.7
108,1,WA,3,1373.4
109,1,SA,3,163.9
110,1,TAS,3,73.9
111,1,NT,3,1118.2
112,1,VIC,4,115.9
113,1,NSW,4,493.6
114,1,QLD,4,1025.9
115,1,WA,4,1017.8
116,1,SA,4,335.4
117,1,TAS,4,0.0
118,1,NT,4,2.4
119,1,VIC,5,0.0
120,1,NSW,5,295.3
121,1,QLD,5,1466.5
122,1,WA,5,0.0
123,1,SA,5,0.0
124,1,TAS,5,0.0
125,1,NT,5,0.0
126,1,VIC,6,303.4
127,1,NSW,6,385.8
128,1,QLD,6,81.5
129,1,WA,6,121.2
130,1,SA,6,85.5
131,1,TAS,6,29.0
132,1,NT,6,9.2
133,1,VIC,7,1406.0
134,1,NSW,7,432.5
135,1,QLD,7,30.9
136,1,WA,7,664.0
137,1,SA,7,2029.0
138,1,TAS,7,489.3
139,1,NT,7,0.0
140,1,VIC,8,1975.0
141,1,NSW,8,2689.5
142,1,QLD,8,572.8
143,1,WA,8,0.0
144,1,SA,8,4.2
145,1,TAS,8,8307.2
146,1,NT,8,0.0
147,1,VIC,9,0.0
148,1,NSW,9,0.0
149,1,QLD,9,0.0
150,1,WA,9,0.0
151,1,SA,9,0.0
152,1,TAS,9,0.0
153,1,NT,9,0.0
154,1,VIC,10,66.2
155,1,NSW,10,119.2
156,1,QLD,10,121.3
157,1,WA,10,57.5
158,1,SA,10,50.7
159,1,TAS,10,5.6
160,1,NT,10,4.3
161,1,VIC,11,0.0
162,1,NSW,11,0.0
163,1,QLD,11,0.5
164,1,WA,11,0.0
165,1,SA,11,0.0
166,1,TAS,11,0.0
167,1,NT,11,0.0
168,2,VIC,0,0.0
169,2,NSW,0,60732.2
170,2,QLD,0,45864.3
171,2,WA,0,10352.3
172,2,SA,0,0.0
173,2,TAS,0,0.0
174,2,NT,0,0.0
175,2,VIC,1,51066.5
176,2,NSW,1,0.0
177,2,QLD,1,0.0
178,2,WA,1,0.0
179,2,SA,1,4231.6
180,2,TAS,1,0.0
181,2,NT,1,0.0
182,2,VIC,2,1289.8
183,2,NSW,2,4742.7
184,2,QLD,2,14595.3
185,2,WA,2,18115.7
186,2,SA,2,6693.1
187,2,TAS,2,1506.0
188,2,NT,2,2053.6
189,2,VIC,3,38.2
190,2,NSW,3,61.4
191,2,QLD,3,373.7
192,2,WA,3,1413.8
193,2,SA,3,89.3
194,2,TAS,3,94.9
195,2,NT,3,1022.5
196,2,VIC,4,114.5
197,2,NSW,4,266.1
198,2,QLD,4,1038.7
199,2,WA,4,1029.4
200,2,SA,4,266.9
201,2,TAS,4,0.0
202,2,NT,4,0.5
203,2,VIC,5,0.0
204,2,NSW,5,253.3
205,2,QLD,5,823.7
206,2,WA,5,0.0
207,2,SA,5,0.0
208,2,TAS,5,0.0
209,2,NT,5,0.0
210,2,VIC,6,339.6
211,2,NSW,6,360.0
212,2,QLD,6,97.0
213,2,WA,6,111.7
214,2,SA,6,77.8
215,2,TAS,6,29.9
216,2,NT,6,8.7
217,2,VIC,7,1434.4
218,2,NSW,7,530.1
219,2,QLD,7,27.3
220,2,WA,7,719.3
221,2,SA,7,2890.3
222,2,TAS,7,483.5
223,2,NT,7,0.0
224,2,VIC,8,3910.6
225,2,NSW,8,2474.9
226,2,QLD,8,965.6
227,2,WA,8,0.0
228,2,SA,8,4.1
229,2,TAS,8,9451.5
230,2,NT,8,0.0
231,2,VIC,9,0.0
232,2,NSW,9,0.0
233,2,QLD,9,0.0
234,2,WA,9,0.0
235,2,SA,9,0.0
236,2,TAS,9,0.0
237,2,NT,9,0.0
238,2,VIC,10,205.5
239,2,NSW,10,526.3
240,2,QLD,10,400.6
241,2,WA,10,198.1
242,2,SA,10,182.8
243,2,TAS,10,11.6
244,2,NT,10,5.6
245,2,VIC,11,0.0
246,2,NSW,11,0.0
247,2,QLD,11,0.5
248,2,WA,11,0.0
249,2,SA,11,0.0
250,2,TAS,11,0.0
251,2,NT,11,0.0
252,3,VIC,0,0.0
253,3,NSW,0,60453.7
254,3,QLD,0,45417.3
255,3,WA,0,10783.3
256,3,SA,0,0.0
257,3,TAS,0,0.0
258,3,NT,0,0.0
259,3,VIC,1,52059.7
260,3,NSW,1,0.0
261,3,QLD,1,0.0
262,3,WA,1,0.0
263,3,SA,1,3008.0
264,3,TAS,1,0.0
265,3,NT,1,0.0
266,3,VIC,2,1142.5
267,3,NSW,2,4212.1
268,3,QLD,2,15303.4
269,3,WA,2,17538.3
270,3,SA,2,6703.2
271,3,TAS,2,1562.7
272,3,NT,2,2109.3
273,3,VIC,3,4.0
274,3,NSW,3,42.1
275,3,QLD,3,306.0
276,3,WA,3,1171.2
277,3,SA,3,97.8
278,3,TAS,3,60.5
279,3,NT,3,1020.9
280,3,VIC,4,0.0
281,3,NSW,4,0.0
282,3,QLD,4,15.7
283,3,WA,4,1072.4
284,3,SA,4,0.0
285,3,TAS,4,0.0
286,3,NT,4,0.0
287,3,VIC,5,187.1
288,3,NSW,5,413.6
289,3,QLD,5,1005.6
290,3,WA,5,0.0
291,3,SA,5,0.0
292,3,TAS,5,0.0
293,3,NT,5,0.0
294,3,VIC,6,672.2
295,3,NSW,6,408.7
296,3,QLD,6,119.2
297,3,WA,6,125.7
298,3,SA,6,70.6
299,3,TAS,6,33.3
300,3,NT,6,7.7
301,3,VIC,7,1416.2
302,3,NSW,7,697.6
303,3,QLD,7,27.7
304,3,WA,7,1278.7
305,3,SA,7,3126.5
306,3,TAS,7,423.1
307,3,NT,7,0.0
308,3,VIC,8,2393.3
309,3,NSW,8,2446.9
310,3,QLD,8,723.2
311,3,WA,8,0.0
312,3,SA,8,4.4
313,3,TAS,8,8515.5
314,3,NT,8,0.0
315,3,VIC,9,0.0
316,3,NSW,9,0.0
317,3,QLD,9,0.0
318,3,WA,9,0.0
319,3,SA,9,0.0
320,3,TAS,9,0.0
321,3,NT,9,0.0
322,3,VIC,10,378.7
323,3,NSW,10,657.7
324,3,QLD,10,760.3
325,3,WA,10,331.4
326,3,SA,10,398.1
327,3,TAS,10,22.7
328,3,NT,10,9.7
329,3,VIC,11,0.0
330,3,NSW,11,0.0
331,3,QLD,11,0.5
332,3,WA,11,0.0
333,3,SA,11,0.0
334,3,TAS,11,0.0
335,3,NT,11,0.0
336,4,VIC,0,0.0
337,4,NSW,0,56798.6
338,4,QLD,0,44415.6
339,4,WA,0,10276.9
340,4,SA,0,0.0
341,4,TAS,0,0.0
342,4,NT,0,0.0
343,4,VIC,1,45317.6
344,4,NSW,1,0.0
345,4,QLD,1,0.0
346,4,WA,1,0.0
347,4,SA,1,2237.5
348,4,TAS,1,0.0
349,4,NT,1,0.0
350,4,VIC,2,3247.7
351,4,NSW,2,5168.7
352,4,QLD,2,13909.5
353,4,WA,2,17645.1
354,4,SA,2,7060.9
355,4,TAS,2,1752.5
356,4,NT,2,2269.0
357,4,VIC,3,10.7
358,4,NSW,3,190.9
359,4,QLD,3,1042.6
360,4,WA,3,2045.0
361,4,SA,3,141.0
362,4,TAS,3,12.1
363,4,NT,3,1022.0
364,4,VIC,4,0.0
365,4,NSW,4,0.0
366,4,QLD,4,54.2
367,4,WA,4,1855.8
368,4,SA,4,8.5
369,4,TAS,4,26.8
370,4,NT,4,0.0
371,4,VIC,5,171.1
372,4,NSW,5,425.4
373,4,QLD,5,1117.8
374,4,WA,5,0.0
375,4,SA,5,0.0
376,4,TAS,5,0.0
377,4,NT,5,0.0
378,4,VIC,6,674.0
379,4,NSW,6,413.4
380,4,QLD,6,121.4
381,4,WA,6,108.3
382,4,SA,6,72.6
383,4,TAS,6,33.0
384,4,NT,6,6.5
385,4,VIC,7,2005.1
386,4,NSW,7,832.6
387,4,QLD,7,30.7
388,4,WA,7,1300.2
389,4,SA,7,3313.5
390,4,TAS,7,477.5
391,4,NT,7,0.0
392,4,VIC,8,3293.8
393,4,NSW,8,3298.1
394,4,QLD,8,684.1
395,4,WA,8,221.3
396,4,SA,8,5.9
397,4,TAS,8,10766.4
398,4,NT,8,0.0
399,4,VIC,9,0.0
400,4,NSW,9,0.0
401,4,QLD,9,0.0
402,4,WA,9,0.0
403,4,SA,9,0.0
404,4,TAS,9,0.0
405,4,NT,9,0.0
406,4,VIC,10,580.1
407,4,NSW,10,857.6
408,4,QLD,10,1310.2
409,4,WA,10,449.5
410,4,SA,10,558.6
411,4,TAS,10,53.3
412,4,NT,10,16.9
413,4,VIC,11,0.0
414,4,NSW,11,0.0
415,4,QLD,11,0.5
416,4,WA,11,0.0
417,4,SA,11,0.0
418,4,TAS,11,0.0
419,4,NT,11,0.0
420,5,VIC,0,0.0
421,5,NSW,0,55819.5
422,5,QLD,0,40260.7
423,5,WA,0,10885.3
424,5,SA,0,0.0
425,5,TAS,0,0.0
426,5,NT,0,0.0
427,5,VIC,1,43977.7
428,5,NSW,1,0.0
429,5,QLD,1,0.0
430,5,WA,1,0.0
431,5,SA,1,2098.5
432,5,TAS,1,0.0
433,5,NT,1,0.0
434,5,VIC,2,3239.3
435,5,NSW,2,5528.3
436,5,QLD,2,15454.3
437,5,WA,2,20880.0
438,5,SA,2,5998.1
439,5,TAS,2,985.0
440,5,NT,2,2308.9
441,5,VIC,3,145.8
442,5,NSW,3,170.7
443,5,QLD,3,959.5
444,5,WA,3,2486.1
445,5,SA,3,106.9
446,5,TAS,3,19.7
447,5,NT,3,1123.6
448,5,VIC,4,0.0
449,5,NSW,4,0.0
450,5,QLD,4,0.0
451,5,WA,4,0.0
452,5,SA,4,0.0
453,5,TAS,4,0.0
454,5,NT,4,0.0
455,5,VIC,5,188.8
456,5,NSW,5,461.7
457,5,QLD,5,1403.0
458,5,WA,5,0.0
459,5,SA,5,0.0
460,5,TAS,5,0.0
461,5,NT,5,0.0
462,5,VIC,6,698.1
463,5,NSW,6,420.6
464,5,QLD,6,82.8
465,5,WA,6,124.0
466,5,SA,6,80.9
467,5,TAS,6,30.6
468,5,NT,6,8.9
469,5,VIC,7,2771.9
470,5,NSW,7,899.2
471,5,QLD,7,33.7
472,5,WA,7,1578.8
473,5,SA,7,4150.3
474,5,TAS,7,818.0
475,5,NT,7,0.0
476,5,VIC,8,2595.0
477,5,NSW,8,2721.1
478,5,QLD,8,820.9
479,5,WA,8,205.4
480,5,SA,8,5.9
481,5,TAS,8,12072.6
482,5,NT,8,0.0
483,5,VIC,9,4.4
484,5,NSW,9,10.6
485,5,QLD,9,4.0
486,5,WA,9,24.1
487,5,SA,9,1.4
488,5,TAS,9,0.0
489,5,NT,9,5.1
490,5,VIC,10,674.2
491,5,NSW,10,964.9
492,5,QLD,10,1460.6
493,5,WA,10,495.8
494,5,SA,10,677.9
495,5,TAS,10,73.5
496,5,NT,10,19.4
497,5,VIC,11,0.0
498,5,NSW,11,0.0
499,5,QLD,11,0.5
500,5,WA,11,0.0
501,5,SA,11,0.0
502,5,TAS,11,0.0
503,5,NT,11,0.0
504,6,VIC,0,0.0
505,6,NSW,0,52562.2
506,6,QLD,0,44553.8
507,6,WA,0,10523.4
508,6,SA,0,0.0
509,6,TAS,0,0.0
510,6,NT,0,0.0
511,6,VIC,1,48336.8
512,6,NSW,1,0.0
513,6,QLD,1,0.0
514,6,WA,1,0.0
515,6,SA,1,2633.6
516,6,TAS,1,0.0
517,6,NT,1,0.0
518,6,VIC,2,2390.9
519,6,NSW,2,4528.4
520,6,QLD,2,18248.5
521,6,WA,2,20412.8
522,6,SA,2,5003.8
523,6,TAS,2,131.0
524,6,NT,2,2201.4
525,6,VIC,3,156.0
526,6,NSW,3,284.3
527,6,QLD,3,1197.2
528,6,WA,3,4223.5
529,6,SA,3,197.3
530,6,TAS,3,18.9
531,6,NT,3,751.3
532,6,VIC,4,0.0
533,6,NSW,4,0.0
534,6,QLD,4,0.0
535,6,WA,4,0.0
536,6,SA,4,0.0
537,6,TAS,4,0.0
538,6,NT,4,0.0
539,6,VIC,5,252.0
540,6,NSW,5,551.1
541,6,QLD,5,1550.3
542,6,WA,5,0.0
543,6,SA,5,0.0
544,6,TAS,5,0.0
545,6,NT,5,0.0
546,6,VIC,6,420.3
547,6,NSW,6,472.1
548,6,QLD,6,91.1
549,6,WA,6,126.9
550,6,SA,6,84.9
551,6,TAS,6,34.6
552,6,NT,6,9.0
553,6,VIC,7,3067.8
554,6,NSW,7,1376.0
555,6,QLD,7,32.5
556,6,WA,7,1643.2
557,6,SA,7,4291.9
558,6,TAS,7,1055.1
559,6,NT,7,0.0
560,6,VIC,8,2513.6
561,6,NSW,8,1771.0
562,6,QLD,8,649.1
563,6,WA,8,206.1
564,6,SA,8,10.8
565,6,TAS,8,8294.4
566,6,NT,8,0.0
567,6,VIC,9,9.1
568,6,NSW,9,60.2
569,6,QLD,9,5.9
570,6,WA,9,23.9
571,6,SA,9,1.7
572,6,TAS,9,0.0
573,6,NT,9,6.4
574,6,VIC,10,874.8
575,6,NSW,10,1211.2
576,6,QLD,10,1788.0
577,6,WA,10,622.1
578,6,SA,10,802.2
579,6,TAS,10,96.8
580,6,NT,10,28.9
581,6,VIC,11,0.0
582,6,NSW,11,0.0
583,6,QLD,11,0.6
584,6,WA,11,0.0
585,6,SA,11,0.0
586,6,TAS,11,0.0
587,6,NT,11,0.0
588,7,VIC,0,0.0
589,7,NSW,0,55334.5
590,7,QLD,0,48015.8
591,7,WA,0,10912.7
592,7,SA,0,0.0
593,7,TAS,0,0.0
594,7,NT,0,0.0
595,7,VIC,1,46234.1
596,7,NSW,1,0.0
597,7,QLD,1,0.0
598,7,WA,1,0.0
599,7,SA,1,2593.7
600,7,TAS,1,0.0
601,7,NT,1,0.0
602,7,VIC,2,1892.2
603,7,NSW,2,4628.6
604,7,QLD,2,13816.9
605,7,WA,2,21899.6
606,7,SA,2,4956.0
607,7,TAS,2,858.0
608,7,NT,2,2484.7
609,7,VIC,3,70.6
610,7,NSW,3,289.5
611,7,QLD,3,1199.1
612,7,WA,3,3347.4
613,7,SA,3,136.2
614,7,TAS,3,90.3
615,7,NT,3,522.6
616,7,VIC,4,0.0
617,7,NSW,4,0.0
618,7,QLD,4,0.0
619,7,WA,4,0.0
620,7,SA,4,0.0
621,7,TAS,4,0.0
622,7,NT,4,0.0
623,7,VIC,5,235.4
624,7,NSW,5,601.7
625,7,QLD,5,1656.3
626,7,WA,5,0.0
627,7,SA,5,0.0
628,7,TAS,5,0.0
629,7,NT,5,0.0
630,7,VIC,6,512.3
631,7,NSW,6,444.6
632,7,QLD,6,115.5
633,7,WA,6,94.6
634,7,SA,6,94.6
635,7,TAS,6,27.3
636,7,NT,6,7.7
637,7,VIC,7,3341.8
638,7,NSW,7,1898.8
639,7,QLD,7,28.4
640,7,WA,7,1476.5
641,7,SA,7,4398.0
642,7,TAS,7,1056.0
643,7,NT,7,0.0
644,7,VIC,8,3228.5
645,7,NSW,8,3170.2
646,7,QLD,8,491.7
647,7,WA,8,217.0
648,7,SA,8,6.5
649,7,TAS,8,8204.3
650,7,NT,8,0.0
651,7,VIC,9,11.5
652,7,NSW,9,399.5
653,7,QLD,9,7.3
654,7,WA,9,28.3
655,7,SA,9,2.0
656,7,TAS,9,0.0
657,7,NT,9,8.5
658,7,VIC,10,1056.1
659,7,NSW,10,1461.9
660,7,QLD,10,2055.9
661,7,WA,10,760.8
662,7,SA,10,895.5
663,7,TAS,10,108.5
664,7,NT,10,42.4
665,7,VIC,11,0.0
666,7,NSW,11,0.0
667,7,QLD,11,0.2
668,7,WA,11,0.0
669,7,SA,11,0.0
670,7,TAS,11,0.0
671,7,NT,11,0.0
672,8,VIC,0,0.0
673,8,NSW,0,55967.1
674,8,QLD,0,51042.7
675,8,WA,0,11226.2
676,8,SA,0,0.0
677,8,TAS,0,0.0
678,8,NT,0,0.0
679,8,VIC,1,43594.1
680,8,NSW,1,0.0
681,8,QLD,1,0.0
682,8,WA,1,0.0
683,8,SA,1,0.0
684,8,TAS,1,0.0
685,8,NT,1,0.0
686,8,VIC,2,2658.7
687,8,NSW,2,3330.8
688,8,QLD,2,12236.6
689,8,WA,2,22941.4
690,8,SA,2,6028.2
691,8,TAS,2,897.6
692,8,NT,2,2366.5
693,8,VIC,3,109.3
694,8,NSW,3,321.6
695,8,QLD,3,1215.9
696,8,WA,3,2883.5
697,8,SA,3,183.1
698,8,TAS,3,21.8
699,8,NT,3,537.4
700,8,VIC,4,0.0
701,8,NSW,4,0.0
702,8,QLD,4,0.0
703,8,WA,4,0.0
704,8,SA,4,0.0
705,8,TAS,4,0.0
706,8,NT,4,0.0
707,8,VIC,5,263.4
708,8,NSW,5,696.5
709,8,QLD,5,1291.8
710,8,WA,5,0.0
711,8,SA,5,0.0
712,8,TAS,5,0.0
713,8,NT,5,0.0
714,8,VIC,6,431.1
715,8,NSW,6,406.2
716,8,QLD,6,118.3
717,8,WA,6,183.2
718,8,SA,6,78.0
719,8,TAS,6,24.5
720,8,NT,6,7.6
721,8,VIC,7,3560.9
722,8,NSW,7,1872.0
723,8,QLD,7,29.0
724,8,WA,7,1616.7
725,8,SA,7,4413.7
726,8,TAS,7,1104.8
727,8,NT,7,0.0
728,8,VIC,8,3673.3
729,8,NSW,8,3290.6
730,8,QLD,8,672.2
731,8,WA,8,212.6
732,8,SA,8,3.5
733,8,TAS,8,8432.7
734,8,NT,8,0.0
735,8,VIC,9,13.8
736,8,NSW,9,567.6
737,8,QLD,9,34.1
738,8,WA,9,34.3
739,8,SA,9,3.9
740,8,TAS,9,0.3
741,8,NT,9,18.5
742,8,VIC,10,1231.7
743,8,NSW,10,1706.8
744,8,QLD,10,2335.9
745,8,WA,10,941.1
746,8,SA,10,1000.8
747,8,TAS,10,121.6
748,8,NT,10,61.3
749,8,VIC,11,0.0
750,8,NSW,11,0.0
751,8,QLD,11,0.5
752,8,WA,11,0.0
753,8,SA,11,0.0
754,8,TAS,11,0.0
755,8,NT,11,0.0
756,9,VIC,0,0.0
757,9,NSW,0,57022.2
758,9,QLD,0,53635.3
759,9,WA,0,11031.9
760,9,SA,0,0.0
761,9,TAS,0,0.0
762,9,NT,0,0.0
763,9,VIC,1,36021.4
764,9,NSW,1,0.0
765,9,QLD,1,0.0
766,9,WA,1,0.0
767,9,SA,1,0.0
768,9,TAS,1,0.0
769,9,NT,1,0.0
770,9,VIC,2,3829.9
771,9,NSW,2,3045.8
772,9,QLD,2,11045.5
773,9,WA,2,24789.1
774,9,SA,2,7753.2
775,9,TAS,2,980.4
776,9,NT,2,2437.8
777,9,VIC,3,178.0
778,9,NSW,3,324.4
779,9,QLD,3,1047.7
780,9,WA,3,2166.5
781,9,SA,3,132.8
782,9,TAS,3,24.3
783,9,NT,3,947.2
784,9,VIC,4,0.0
785,9,NSW,4,0.0
786,9,QLD,4,0.0
787,9,WA,4,0.0
788,9,SA,4,0.0
789,9,TAS,4,0.0
790,9,NT,4,0.0
791,9,VIC,5,241.0
792,9,NSW,5,765.0
793,9,QLD,5,1252.9
794,9,WA,5,0.0
795,9,SA,5,0.0
796,9,TAS,5,0.0
797,9,NT,5,0.0
798,9,VIC,6,460.2
799,9,NSW,6,424.4
800,9,QLD,6,126.5
801,9,WA,6,141.1
802,9,SA,6,74.0
803,9,TAS,6,24.1
804,9,NT,6,8.6
805,9,VIC,7,4303.9
806,9,NSW,7,2431.6
807,9,QLD,7,30.3
808,9,WA,7,1587.0
809,9,SA,7,5673.9
810,9,TAS,7,1147.8
811,9,NT,7,0.0
812,9,VIC,8,2803.1
813,9,NSW,8,2915.5
814,9,QLD,8,646.1
815,9,WA,8,220.8
816,9,SA,8,6.4
817,9,TAS,8,9428.9
818,9,NT,8,0.0
819,9,VIC,9,39.4
820,9,NSW,9,700.0
821,9,QLD,9,171.5
822,9,WA,9,45.6
823,9,SA,9,20.0
824,9,TAS,9,0.6
825,9,NT,9,30.5
826,9,VIC,10,1481.2
827,9,NSW,10,2095.8
828,9,QLD,10,2760.9
829,9,WA,10,1196.4
830,9,SA,10,1163.4
831,9,TAS,10,138.9
832,9,NT,10,85.8
833,9,VIC,11,0.0
834,9,NSW,11,0.0
835,9,QLD,11,0.0
836,9,WA,11,0.0
837,9,SA,11,0.0
838,9,TAS,11,0.0
839,9,NT,11,0.0
840,10,VIC,0,0.0
841,10,NSW,0,57734.9
842,10,QLD,0,52120.6
843,10,WA,0,9954.0
844,10,SA,0,0.0
845,10,TAS,0,0.0
846,10,NT,0,0.0
847,10,VIC,1,34495.2
848,10,NSW,1,0.0
849,10,QLD,1,0.0
850,10,WA,1,0.0
851,10,SA,1,0.0
852,10,TAS,1,0.0
853,10,NT,1,0.0
854,10,VIC,2,3334.0
855,10,NSW,2,2360.3
856,10,QLD,2,9933.9
857,10,WA,2,25778.3
858,10,SA,2,7245.8
859,10,TAS,2,619.8
860,10,NT,2,3503.2
861,10,VIC,3,204.7
862,10,NSW,3,322.6
863,10,QLD,3,1000.6
864,10,WA,3,2417.9
865,10,SA,3,163.0
866,10,TAS,3,19.3
867,10,NT,3,795.0
868,10,VIC,4,0.0
869,10,NSW,4,0.0
870,10,QLD,4,0.0
871,10,WA,4,0.0
872,10,SA,4,0.0
873,10,TAS,4,0.0
874,10,NT,4,0.0
875,10,VIC,5,235.5
876,10,NSW,5,758.8
877,10,QLD,5,1157.9
878,10,WA,5,0.0
879,10,SA,5,0.0
880,10,TAS,5,0.0
881,10,NT,5,0.0
882,10,VIC,6,497.6
883,10,NSW,6,418.8
884,10,QLD,6,175.1
885,10,WA,6,131.3
886,10,SA,6,85.0
887,10,TAS,6,27.0
888,10,NT,6,8.8
889,10,VIC,7,4863.7
890,10,NSW,7,3739.7
891,10,QLD,7,399.1
892,10,WA,7,1851.2
893,10,SA,7,5711.0
894,10,TAS,7,1147.2
895,10,NT,7,0.0
896,10,VIC,8,2702.8
897,10,NSW,8,2160.3
898,10,QLD,8,1057.3
899,10,WA,8,217.0
900,10,SA,8,8.8
901,10,TAS,8,9821.1
902,10,NT,8,0.0
903,10,VIC,9,462.5
904,10,NSW,9,1348.2
905,10,QLD,9,1491.7
906,10,WA,9,74.5
907,10,SA,9,321.3
908,10,TAS,9,1.5
909,10,NT,9,32.7
910,10,VIC,10,1900.0
911,10,NSW,10,2717.1
912,10,QLD,10,3330.2
913,10,WA,10,1486.7
914,10,SA,10,1402.5
915,10,TAS,10,161.8
916,10,NT,10,117.9
917,10,VIC,11,0.0
918,10,NSW,11,0.0
919,10,QLD,11,0.0
920,10,WA,11,0.0
921,10,SA,11,0.0
922,10,TAS,11,0.0
923,10,NT,11,0.0
924,11,VIC,0,0.0
925,11,NSW,0,53566.7
926,11,QLD,0,48568.9
927,11,WA,0,9725.2
928,11,SA,0,0.0
929,11,TAS,0,0.0
930,11,NT,0,0.0
931,11,VIC,1,33661.6
932,11,NSW,1,0.0
933,11,QLD,1,0.0
934,11,WA,1,0.0
935,11,SA,1,0.0
936,11,TAS,1,0.0
937,11,NT,1,0.0
938,11,VIC,2,3117.0
939,11,NSW,2,2870.9
940,11,QLD,2,11214.1
941,11,WA,2,26918.6
942,11,SA,2,6614.0
943,11,TAS,2,196.6
944,11,NT,2,4285.0
945,11,VIC,3,202.0
946,11,NSW,3,337.3
947,11,QLD,3,983.7
948,11,WA,3,2301.7
949,11,SA,3,159.4
950,11,TAS,3,20.7
951,11,NT,3,504.4
952,11,VIC,4,0.0
953,11,NSW,4,0.0
954,11,QLD,4,0.0
955,11,WA,4,0.0
956,11,SA,4,0.0
957,11,TAS,4,0.0
958,11,NT,4,0.0
959,11,VIC,5,243.8
960,11,NSW,5,716.2
961,11,QLD,5,1029.8
962,11,WA,5,0.0
963,11,SA,5,0.0
964,11,TAS,5,0.0
965,11,NT,5,0.0
966,11,VIC,6,535.7
967,11,NSW,6,387.4
968,11,QLD,6,189.2
969,11,WA,6,112.4
970,11,SA,6,97.4
971,11,TAS,6,30.9
972,11,NT,6,8.7
973,11,VIC,7,5596.2
974,11,NSW,7,4574.3
975,11,QLD,7,927.9
976,11,WA,7,2122.5
977,11,SA,7,5812.9
978,11,TAS,7,1362.0
979,11,NT,7,0.0
980,11,VIC,8,2310.8
981,11,NSW,8,2110.1
982,11,QLD,8,634.6
983,11,WA,8,205.5
984,11,SA,8,10.3
985,11,TAS,8,9878.3
986,11,NT,8,0.0
987,11,VIC,9,872.5
988,11,NSW,9,2084.6
989,11,QLD,9,3334.5
990,11,WA,9,174.7
991,11,SA,9,627.8
992,11,TAS,9,2.8
993,11,NT,9,39.3
994,11,VIC,10,2457.3
995,11,NSW,10,3417.3
996,11,QLD,10,4120.2
997,11,WA,10,1835.3
998,11,SA,10,1717.6
999,11,TAS,10,187.2
1000,11,NT,10,162.2
1001,11,VIC,11,0.0
1002,11,NSW,11,0.0
1003,11,QLD,11,0.0
1004,11,WA,11,0.0
1005,11,SA,11,0.0
1006,11,TAS,11,0.0
1007,11,NT,11,0.0
1008,12,VIC,0,0.0
1009,12,NSW,0,50790.8
1010,12,QLD,0,46248.2
1011,12,WA,0,9212.4
1012,12,SA,0,0.0
1013,12,TAS,0,0.0
1014,12,NT,0,0.0
1015,12,VIC,1,34060.0
1016,12,NSW,1,0.0
1017,12,QLD,1,0.0
1018,12,WA,1,0.0
1019,12,SA,1,0.0
1020,12,TAS,1,0.0
1021,12,NT,1,0.0
1022,12,VIC,2,1956.9
1023,12,NSW,2,1903.2
1024,12,QLD,2,10324.4
1025,12,WA,2,25680.3
1026,12,SA,2,5589.0
1027,12,TAS,2,186.1
1028,12,NT,2,4143.0
1029,12,VIC,3,179.1
1030,12,NSW,3,340.6
1031,12,QLD,3,1034.9
1032,12,WA,3,2458.3
1033,12,SA,3,126.7
1034,12,TAS,3,19.8
1035,12,NT,3,502.5
1036,12,VIC,4,0.0
1037,12,NSW,4,0.0
1038,12,QLD,4,0.0
1039,12,WA,4,0.0
1040,12,SA,4,0.0
1041,12,TAS,4,0.0
1042,12,NT,4,0.0
1043,12,VIC,5,229.7
1044,12,NSW,5,686.1
1045,12,QLD,5,1076.4
1046,12,WA,5,0.0
1047,12,SA,5,0.0
1048,12,TAS,5,0.0
1049,12,NT,5,0.0
1050,12,VIC,6,499.3
1051,12,NSW,6,411.0
1052,12,QLD,6,198.5
1053,12,WA,6,110.8
1054,12,SA,6,94.6
1055,12,TAS,6,31.8
1056,12,NT,6,8.0
1057,12,VIC,7,7080.6
1058,12,NSW,7,4805.9
1059,12,QLD,7,1826.0
1060,12,WA,7,3140.5
1061,12,SA,7,5867.1
1062,12,TAS,7,1815.3
1063,12,NT,7,0.0
1064,12,VIC,8,2852.0
1065,12,NSW,8,2964.2
1066,12,QLD,8,950.2
1067,12,WA,8,128.0
1068,12,SA,8,3.5
1069,12,TAS,8,8301.9
1070,12,NT,8,0.0
1071,12,VIC,9,1455.5
1072,12,NSW,9,3368.0
1073,12,QLD,9,3395.8
1074,12,WA,9,486.6
1075,12,SA,9,884.3
1076,12,TAS,9,3.0
1077,12,NT,9,44.6
1078,12,VIC,10,3176.4
1079,12,NSW,10,4892.9
1080,12,QLD,10,5160.9
1081,12,WA,10,2298.5
1082,12,SA,10,2128.2
1083,12,TAS,10,218.6
1084,12,NT,10,203.6
1085,12,VIC,11,0.0
1086,12,NSW,11,0.0
1087,12,QLD,11,0.0
1088,12,WA,11,0.0
1089,12,SA,11,0.0
1090,12,TAS,11,0.0
1091,12,NT,11,0.0
